{"loss": [1.8762954473495483, 1.319549798965454, 1.0025674104690552, 0.8098511695861816, 0.6717711687088013, 0.541429340839386, 0.4403238296508789, 0.343428373336792, 0.2707790732383728, 0.21871505677700043, 0.18263089656829834, 0.15530642867088318, 0.1320464313030243, 0.11835427582263947, 0.10315478593111038, 0.10819478332996368, 0.09091837704181671, 0.08669860661029816, 0.09134292602539062, 0.0871846005320549, 0.07948439568281174, 0.08048988878726959, 0.06734848022460938, 0.05857463553547859, 0.07158125191926956, 0.06173262745141983, 0.06730588525533676, 0.0650361105799675, 0.06790126115083694, 0.05679545924067497, 0.060260917991399765, 0.06364446133375168, 0.05563339218497276, 0.05296469107270241, 0.056308455765247345, 0.055796749889850616, 0.036804888397455215, 0.04870079457759857, 0.05640685558319092, 0.04724663496017456, 0.08768600225448608, 0.04346933588385582, 0.04558119550347328, 0.04231325536966324, 0.041050005704164505, 0.0455763004720211, 0.05163266137242317, 0.0446123331785202, 0.043037693947553635, 0.03720542788505554, 0.05345200374722481, 0.04485716298222542, 0.03956524282693863, 0.058957576751708984, 0.042416591197252274, 0.06711078435182571, 0.03744807839393616, 0.030241986736655235, 0.03643046319484711, 0.04012845829129219, 0.03467880189418793, 0.04082144796848297, 0.04682321846485138, 0.03137746825814247, 0.05865385755896568, 0.04604329541325569, 0.044258035719394684, 0.024137316271662712, 0.039242446422576904, 0.028154028579592705, 0.027434581890702248, 0.030985265970230103, 0.04291665926575661, 0.0603887103497982, 0.04830067977309227, 0.026535112410783768, 0.021794529631733894, 0.023458022624254227, 0.03862971439957619, 0.04286698251962662, 0.05382571369409561, 0.03608064353466034, 0.03815754875540733, 0.030859917402267456, 0.046853043138980865, 0.03046569600701332, 0.04168647527694702, 0.04810089245438576, 0.01809067651629448, 0.029313039034605026, 0.03249130770564079, 0.049282256513834, 0.028507504612207413, 0.025945454835891724, 0.0170238446444273, 0.03330319747328758, 0.04500146955251694, 0.031355779618024826, 0.025887884199619293, 0.036242324858903885], "accuracy": [0.2590000033378601, 0.5040599703788757, 0.6429799795150757, 0.7185800075531006, 0.7673799991607666, 0.8111799955368042, 0.8484200239181519, 0.8833199739456177, 0.9063799977302551, 0.9269800186157227, 0.9390400052070618, 0.9492599964141846, 0.9557200074195862, 0.9611999988555908, 0.9661800265312195, 0.9652799963951111, 0.9701799750328064, 0.9728400111198425, 0.9713600277900696, 0.9720399975776672, 0.9747999906539917, 0.9752799868583679, 0.9789199829101562, 0.9818599820137024, 0.9773600101470947, 0.9808800220489502, 0.9799399971961975, 0.9797599911689758, 0.9787200093269348, 0.9817399978637695, 0.9814800024032593, 0.9810000061988831, 0.9829000234603882, 0.9829400181770325, 0.9826200008392334, 0.983299970626831, 0.9882000088691711, 0.9854000210762024, 0.9831200242042542, 0.9863600134849548, 0.9745000004768372, 0.9872599840164185, 0.9863200187683105, 0.9875400066375732, 0.9878799915313721, 0.9863799810409546, 0.9843800067901611, 0.987339973449707, 0.9872400164604187, 0.9885799884796143, 0.9855999946594238, 0.9865999817848206, 0.9884200096130371, 0.9837999939918518, 0.9880800247192383, 0.9809799790382385, 0.9898800253868103, 0.9922000169754028, 0.9894800186157227, 0.9887199997901917, 0.9895600080490112, 0.9880800247192383, 0.9865800142288208, 0.9916200041770935, 0.9840199947357178, 0.9871199727058411, 0.9875400066375732, 0.9935200214385986, 0.9897199869155884, 0.9922800064086914, 0.9920799732208252, 0.991100013256073, 0.9880399703979492, 0.9845799803733826, 0.9866200089454651, 0.9925400018692017, 0.9944999814033508, 0.9937400221824646, 0.9895600080490112, 0.988319993019104, 0.985480010509491, 0.990119993686676, 0.9896399974822998, 0.9915599822998047, 0.9871799945831299, 0.9924200177192688, 0.9900799989700317, 0.9867600202560425, 0.994920015335083, 0.9924600124359131, 0.9927999973297119, 0.9883000254631042, 0.9922599792480469, 0.993340015411377, 0.995639979839325, 0.9911800026893616, 0.988099992275238, 0.9921600222587585, 0.9937800168991089, 0.9909800291061401], "val_loss": [1.5643657445907593, 1.1516941785812378, 0.9880351424217224, 0.8912652134895325, 0.8639768362045288, 0.857695996761322, 0.86759352684021, 0.9135014414787292, 0.9629683494567871, 1.0129376649856567, 1.0940430164337158, 1.1569896936416626, 1.1464500427246094, 1.2721226215362549, 1.1972150802612305, 1.3400275707244873, 1.2268640995025635, 1.3665783405303955, 1.5060398578643799, 1.4674218893051147, 1.4048140048980713, 1.42580246925354, 1.293621301651001, 1.6339665651321411, 1.5408576726913452, 1.5290447473526, 1.6059021949768066, 1.6167632341384888, 1.5158487558364868, 1.6533634662628174, 1.3534979820251465, 1.621711015701294, 1.5370339155197144, 1.7217060327529907, 1.67110276222229, 1.4753286838531494, 1.5467580556869507, 1.555253505706787, 1.65267813205719, 1.5694249868392944, 1.410881757736206, 1.786843180656433, 1.825952172279358, 1.6022107601165771, 1.593445062637329, 1.5968499183654785, 1.619257926940918, 1.8967304229736328, 1.6055850982666016, 1.8038597106933594, 1.4147589206695557, 1.966696858406067, 1.9769917726516724, 2.1378397941589355, 1.755881667137146, 1.9376423358917236, 1.6803507804870605, 1.9368529319763184, 1.692086100578308, 1.6121430397033691, 1.79142165184021, 1.8071928024291992, 2.1609902381896973, 1.8994396924972534, 1.603916883468628, 1.8811980485916138, 1.9572232961654663, 2.0820090770721436, 1.7929534912109375, 1.9655917882919312, 2.088362216949463, 1.648233413696289, 1.9484297037124634, 1.9207035303115845, 1.9474002122879028, 2.032553195953369, 1.8141520023345947, 2.036513328552246, 1.8678871393203735, 2.221210241317749, 1.9370683431625366, 2.320204019546509, 1.8538867235183716, 2.469940423965454, 1.9633246660232544, 2.6237895488739014, 1.4766650199890137, 1.9158765077590942, 2.4573917388916016, 2.0009944438934326, 1.9954298734664917, 1.7835384607315063, 2.402663230895996, 2.5810861587524414, 2.290752410888672, 2.15641450881958, 2.1877689361572266, 2.04923415184021, 2.1498982906341553, 2.215888023376465],